select supa.reverse(array['a', 'b', 'c']);
 reverse 
---------
 {c,b,a}
(1 row)

select supa.reverse(array[1, 2, 3]);
 reverse 
---------
 {3,2,1}
(1 row)

select supa.reverse(array[]::int[]);
 reverse 
---------
 
(1 row)

select supa.reverse(null::int[]);
 reverse 
---------
 
(1 row)

